{
  "metadata": {
    "backupDate": "2025-06-25T15:53:00.063Z",
    "totalRecords": 214,
    "labs": [
      "EC3625",
      "EC3760",
      "EC3765",
      "OU107"
    ],
    "statusCounts": {
      "Active / In Use": 98,
      "Not specified": 116
    },
    "imageCount": 11,
    "description": "Complete equipment database backup with images - can be used with import-equipment.js to restore data",
    "imagesCopied": 0,
    "imageErrors": 11
  },
  "equipment": [
    {
      "name": " Ion Chromatographer",
      "category": "Dionex",
      "lab": "EC3625",
      "serialNumber": "96120038",
      "quantity": 1,
      "status": "Active / In Use",
      "model": "DX-120",
      "created_at": "2025-06-24 18:22:16",
      "updated_at": "2025-06-24 18:22:16"
    },
    {
      "name": " Ion Chromatographer-Autosampler",
      "category": "Dionex",
      "lab": "EC3625",
      "serialNumber": "99030196",
      "quantity": 1,
      "status": "Active / In Use",
      "model": "AS40 Automater Sampler",
      "fiuId": "4980-00092345\n4980-00092346\n4980-00092347",
      "created_at": "2025-06-24 18:22:16",
      "updated_at": "2025-06-24 18:22:16"
    },
    {
      "name": "Benchtop DO meter",
      "category": "Mettler Toledo",
      "lab": "EC3625",
      "serialNumber": "C147021465",
      "quantity": 1,
      "status": "Active / In Use",
      "model": "SevenExcellence",
      "notes": "New (unopened)",
      "created_at": "2025-06-24 18:22:16",
      "updated_at": "2025-06-24 18:22:16"
    },
    {
      "name": "Benchtop DO meter",
      "category": "Thermo Scientific",
      "lab": "EC3625",
      "serialNumber": "265008-A01",
      "quantity": 1,
      "status": "Active / In Use",
      "model": "Orion Star A213",
      "notes": "New (unopened)",
      "created_at": "2025-06-24 18:22:16",
      "updated_at": "2025-06-24 18:22:16"
    },
    {
      "name": "Benchtop Turbidity Meter",
      "category": "HF Scientific",
      "lab": "EC3625",
      "serialNumber": "201104337",
      "quantity": 1,
      "status": "Active / In Use",
      "model": "Micro 100",
      "created_at": "2025-06-24 18:22:16",
      "updated_at": "2025-06-24 18:22:16"
    },
    {
      "name": "Benchtop Turbidity Meter",
      "category": "HF Scientific",
      "lab": "EC3625",
      "serialNumber": "201104327",
      "quantity": 1,
      "status": "Active / In Use",
      "model": "Micro 100",
      "created_at": "2025-06-24 18:22:16",
      "updated_at": "2025-06-24 18:22:16"
    },
    {
      "name": "Benchtop Turbidity Meter",
      "category": "HF Scientific",
      "lab": "EC3625",
      "serialNumber": "201104338",
      "quantity": 1,
      "status": "Active / In Use",
      "model": "Micro 100",
      "created_at": "2025-06-24 18:22:16",
      "updated_at": "2025-06-24 18:22:16"
    },
    {
      "name": "Benchtop pH meter",
      "category": "Mettler Toledo",
      "lab": "EC3625",
      "serialNumber": "C348214439",
      "quantity": 1,
      "status": "Active / In Use",
      "model": "FiveEasy F20",
      "created_at": "2025-06-24 18:22:16",
      "updated_at": "2025-06-24 18:22:16"
    },
    {
      "name": "Benchtop pH meter",
      "category": "Mettler Toledo",
      "lab": "EC3625",
      "serialNumber": "C032403690",
      "quantity": 1,
      "status": "Active / In Use",
      "model": "FiveEasy F20",
      "created_at": "2025-06-24 18:22:16",
      "updated_at": "2025-06-24 18:22:16"
    },
    {
      "name": "Benchtop pH meter",
      "category": "Mettler Toledo",
      "lab": "EC3625",
      "serialNumber": "C351326895",
      "quantity": 1,
      "status": "Active / In Use",
      "model": "FiveEasy F20",
      "created_at": "2025-06-24 18:22:16",
      "updated_at": "2025-06-24 18:22:16"
    },
    {
      "name": "Benchtop pH meter",
      "category": "Mettler Toledo",
      "lab": "EC3625",
      "serialNumber": "C032803689",
      "quantity": 1,
      "status": "Active / In Use",
      "model": "FiveEasy F20",
      "created_at": "2025-06-24 18:22:16",
      "updated_at": "2025-06-24 18:22:16"
    },
    {
      "name": "Benchtop pH meter",
      "category": "Mettler Toledo",
      "lab": "EC3625",
      "serialNumber": "C032803694",
      "quantity": 1,
      "status": "Active / In Use",
      "model": "FiveEasy F20",
      "created_at": "2025-06-24 18:22:16",
      "updated_at": "2025-06-24 18:22:16"
    },
    {
      "name": "Benchtop pH meter",
      "category": "Mettler Toledo",
      "lab": "EC3625",
      "serialNumber": "C352345547",
      "quantity": 1,
      "status": "Active / In Use",
      "model": "FiveEasy F20",
      "created_at": "2025-06-24 18:22:16",
      "updated_at": "2025-06-24 18:22:16"
    },
    {
      "name": "Benchtop pH meter",
      "category": "Mettler Toledo",
      "lab": "EC3625",
      "serialNumber": "C351318195",
      "quantity": 1,
      "status": "Active / In Use",
      "model": "FiveEasy F20",
      "notes": "New (unopened)",
      "created_at": "2025-06-24 18:22:16",
      "updated_at": "2025-06-24 18:22:16"
    },
    {
      "name": "Benchtop pH meter",
      "category": "Accumet Basic™",
      "lab": "EC3625",
      "serialNumber": "AB81200636",
      "quantity": 1,
      "status": "Active / In Use",
      "model": "AB15",
      "created_at": "2025-06-24 18:22:16",
      "updated_at": "2025-06-24 18:22:16"
    },
    {
      "name": "Benchtop pH meter",
      "category": "Thermo Scientific",
      "lab": "EC3625",
      "serialNumber": "X13610",
      "quantity": 1,
      "status": "Active / In Use",
      "model": "Orion Star A211",
      "created_at": "2025-06-24 18:22:16",
      "updated_at": "2025-06-24 18:22:16"
    },
    {
      "name": "Benchtop pH meter",
      "category": "Thermo Scientific",
      "lab": "EC3625",
      "serialNumber": "X57260",
      "quantity": 1,
      "status": "Active / In Use",
      "model": "Orion Star A211",
      "notes": "New (unopened)",
      "created_at": "2025-06-24 18:22:16",
      "updated_at": "2025-06-24 18:22:16"
    },
    {
      "name": "Benchtop pH meter",
      "category": "Thermo Scientific",
      "lab": "EC3625",
      "serialNumber": "X60749",
      "quantity": 1,
      "status": "Active / In Use",
      "model": "Orion Star A211",
      "notes": "New (unopened)",
      "created_at": "2025-06-24 18:22:16",
      "updated_at": "2025-06-24 18:22:16"
    },
    {
      "name": "Benchtop pH meter",
      "category": "Thermo Scientific",
      "lab": "EC3625",
      "serialNumber": "X58297",
      "quantity": 1,
      "status": "Active / In Use",
      "model": "Orion Star A211",
      "notes": "New (unopened)",
      "created_at": "2025-06-24 18:22:16",
      "updated_at": "2025-06-24 18:22:16"
    },
    {
      "name": "Bio-oxidation Console",
      "category": "Horizon Ecology Co",
      "lab": "EC3625",
      "serialNumber": "362570",
      "quantity": 1,
      "status": "Active / In Use",
      "model": "5551-20",
      "fiuId": "4980-00030680",
      "notes": "The company no longer exists, or it changed name. The instrument It works, and it has potential.  A couple of literature manuscripts cite the use of this or a similar apparatus.",
      "created_at": "2025-06-24 18:22:16",
      "updated_at": "2025-06-24 18:22:16"
    },
    {
      "name": "Centrifuge",
      "category": "Cole Palmer",
      "lab": "EC3625",
      "serialNumber": "IC19AAC0000043",
      "quantity": 1,
      "status": "Active / In Use",
      "model": "VS-4000",
      "notes": "New (unopened)",
      "created_at": "2025-06-24 18:22:16",
      "updated_at": "2025-06-24 18:22:16"
    },
    {
      "name": "Centrifuge",
      "category": "Cole Palmer",
      "lab": "EC3625",
      "serialNumber": "IC19AAC0000152",
      "quantity": 1,
      "status": "Active / In Use",
      "model": "VS-4000",
      "notes": "New (unopened)",
      "created_at": "2025-06-24 18:22:16",
      "updated_at": "2025-06-24 18:22:16"
    },
    {
      "name": "Centrifuge",
      "category": "Raven",
      "lab": "EC3625",
      "serialNumber": "EQUIP-008",
      "quantity": 1,
      "status": "Active / In Use",
      "model": "F-10300",
      "created_at": "2025-06-24 18:22:16",
      "updated_at": "2025-06-24 18:22:16"
    },
    {
      "name": "Conductivity meter (portable)",
      "category": "HACH",
      "lab": "EC3625",
      "serialNumber": "131000093966",
      "quantity": 1,
      "status": "Active / In Use",
      "model": "HQ14d",
      "created_at": "2025-06-24 18:22:16",
      "updated_at": "2025-06-24 18:22:16"
    },
    {
      "name": "Conductivity meter (portable)",
      "category": "HACH",
      "lab": "EC3625",
      "serialNumber": "160400021412",
      "quantity": 1,
      "status": "Active / In Use",
      "model": "HQ14d",
      "created_at": "2025-06-24 18:22:16",
      "updated_at": "2025-06-24 18:22:16"
    },
    {
      "name": "Conductivity meter (portable)",
      "category": "HACH",
      "lab": "EC3625",
      "serialNumber": "160500023030",
      "quantity": 1,
      "status": "Active / In Use",
      "model": "HQ14d",
      "created_at": "2025-06-24 18:22:16",
      "updated_at": "2025-06-24 18:22:16"
    },
    {
      "name": "Conductivity meter (portable)",
      "category": "HACH",
      "lab": "EC3625",
      "serialNumber": "220821140015",
      "quantity": 1,
      "status": "Active / In Use",
      "model": "HQ1140",
      "created_at": "2025-06-24 18:22:16",
      "updated_at": "2025-06-24 18:22:16"
    },
    {
      "name": "Conductivity meter (portable)",
      "category": "HACH",
      "lab": "EC3625",
      "serialNumber": "221401140035",
      "quantity": 1,
      "status": "Active / In Use",
      "model": "HQ1140",
      "created_at": "2025-06-24 18:22:16",
      "updated_at": "2025-06-24 18:22:16"
    },
    {
      "name": "Conductivity meter (portable)",
      "category": "HACH",
      "lab": "EC3625",
      "serialNumber": "221091140068",
      "quantity": 1,
      "status": "Active / In Use",
      "model": "HQ1140",
      "created_at": "2025-06-24 18:22:16",
      "updated_at": "2025-06-24 18:22:16"
    },
    {
      "name": "Conductivity meter (portable)",
      "category": "Oakton",
      "lab": "EC3625",
      "serialNumber": "2981136",
      "quantity": 1,
      "status": "Active / In Use",
      "model": "Con450",
      "created_at": "2025-06-24 18:22:16",
      "updated_at": "2025-06-24 18:22:16"
    },
    {
      "name": "Conductivity meter (portable)",
      "category": "Thermo Scientific",
      "lab": "EC3625",
      "serialNumber": "H13261",
      "quantity": 1,
      "status": "Active / In Use",
      "model": "Orion Star A122",
      "created_at": "2025-06-24 18:22:16",
      "updated_at": "2025-06-24 18:22:16"
    },
    {
      "name": "Conductivity meter (portable)",
      "category": "Thermo Scientific",
      "lab": "EC3625",
      "serialNumber": "H13408",
      "quantity": 1,
      "status": "Active / In Use",
      "model": "Orion Star A122",
      "created_at": "2025-06-24 18:22:16",
      "updated_at": "2025-06-24 18:22:16"
    },
    {
      "name": "Conductivity meter (portable)",
      "category": "Thermo Scientific",
      "lab": "EC3625",
      "serialNumber": "H13240",
      "quantity": 1,
      "status": "Active / In Use",
      "model": "Orion Star A122",
      "created_at": "2025-06-24 18:22:16",
      "updated_at": "2025-06-24 18:22:16"
    },
    {
      "name": "Direct Reading Spectrophotometer",
      "category": "HACH",
      "lab": "EC3625",
      "serialNumber": "960400039891",
      "quantity": 1,
      "status": "Active / In Use",
      "model": "DR/2000",
      "fiuId": "4980-00078147",
      "created_at": "2025-06-24 18:22:16",
      "updated_at": "2025-06-24 18:22:16"
    },
    {
      "name": "Dissolved Air Flotation. Instructional Bench Scale Unit",
      "category": "AFL IND. Inc.",
      "lab": "EC3625",
      "serialNumber": "EQUIP-001",
      "quantity": 1,
      "status": "Active / In Use",
      "notes": "A wonderful instructional tool. At the moment not working properly, but it can be made operational",
      "created_at": "2025-06-24 18:22:16",
      "updated_at": "2025-06-24 18:22:16"
    },
    {
      "name": "Dissolved Oxygen meter (portable)",
      "category": "Thermo Scientific",
      "lab": "EC3625",
      "serialNumber": "H13629",
      "quantity": 1,
      "status": "Active / In Use",
      "model": "Orion Star A123",
      "created_at": "2025-06-24 18:22:16",
      "updated_at": "2025-06-24 18:22:16"
    },
    {
      "name": "Dissolved Oxygen meter (portable)",
      "category": "Thermo Scientific",
      "lab": "EC3625",
      "serialNumber": "H13602",
      "quantity": 1,
      "status": "Active / In Use",
      "model": "Orion Star A123",
      "created_at": "2025-06-24 18:22:16",
      "updated_at": "2025-06-24 18:22:16"
    },
    {
      "name": "Dissolved Oxygen meter (portable)",
      "category": "Thermo Scientific",
      "lab": "EC3625",
      "serialNumber": "H13603",
      "quantity": 1,
      "status": "Active / In Use",
      "model": "Orion Star A123",
      "created_at": "2025-06-24 18:22:16",
      "updated_at": "2025-06-24 18:22:16"
    },
    {
      "name": "Dry Type Bacteriological Incubator",
      "category": "Blue M",
      "lab": "EC3625",
      "serialNumber": "EQUIP-002",
      "quantity": 1,
      "status": "Active / In Use",
      "model": "C-4008-Q",
      "fiuId": "4980-00031081",
      "created_at": "2025-06-24 18:22:16",
      "updated_at": "2025-06-24 18:22:16"
    },
    {
      "name": "Dry Type Bacteriological Incubator",
      "category": "Blue M",
      "lab": "EC3625",
      "serialNumber": "EQUIP-003",
      "quantity": 1,
      "status": "Active / In Use",
      "model": "C-4008-Q",
      "fiuId": "4980-00031082",
      "created_at": "2025-06-24 18:22:16",
      "updated_at": "2025-06-24 18:22:16"
    },
    {
      "name": "Gyratory Shaker",
      "category": "Fisherbarnd",
      "lab": "EC3625",
      "serialNumber": "L5CF61021011",
      "quantity": 1,
      "status": "Active / In Use",
      "model": "88861021",
      "notes": "Acquired with Tech Fee year 2021 award",
      "created_at": "2025-06-24 18:22:16",
      "updated_at": "2025-06-24 18:22:16"
    },
    {
      "name": "Gyratory Shaker",
      "category": "Fisherbarnd",
      "lab": "EC3625",
      "serialNumber": "L5CF61021002",
      "quantity": 1,
      "status": "Active / In Use",
      "model": "88861021",
      "notes": "Acquired with Tech Fee year 2021 award",
      "created_at": "2025-06-24 18:22:16",
      "updated_at": "2025-06-24 18:22:16"
    },
    {
      "name": "Gyratory Shaker",
      "category": "Fisherbarnd",
      "lab": "EC3625",
      "serialNumber": "L5CF61021013",
      "quantity": 1,
      "status": "Active / In Use",
      "model": "88861021",
      "notes": "Acquired with Tech Fee year 2021 award",
      "created_at": "2025-06-24 18:22:16",
      "updated_at": "2025-06-24 18:22:16"
    },
    {
      "name": "Gyratory Shaker",
      "category": "Fisherbarnd",
      "lab": "EC3625",
      "serialNumber": "L5CF61021007",
      "quantity": 1,
      "status": "Active / In Use",
      "model": "88861021",
      "notes": "Acquired with Tech Fee year 2021 award",
      "created_at": "2025-06-24 18:22:16",
      "updated_at": "2025-06-24 18:22:16"
    },
    {
      "name": "Jar TestBench Scale Unit",
      "category": "Phipps&Bird",
      "lab": "EC3625",
      "serialNumber": "221012220",
      "quantity": 1,
      "status": "Active / In Use",
      "model": "7790-900B",
      "notes": "Acquired with Tech Fee year 2021 award",
      "created_at": "2025-06-24 18:22:16",
      "updated_at": "2025-06-24 18:22:16"
    },
    {
      "name": "Jar TestBench Scale Unit",
      "category": "Phipps&Bird",
      "lab": "EC3625",
      "serialNumber": "221012219",
      "quantity": 1,
      "status": "Active / In Use",
      "model": "7790-900B",
      "notes": "Acquired with Tech Fee year 2021 award",
      "created_at": "2025-06-24 18:22:16",
      "updated_at": "2025-06-24 18:22:16"
    },
    {
      "name": "Jar TestBench Scale Unit",
      "category": "Phipps&Bird",
      "lab": "EC3625",
      "serialNumber": "221012221",
      "quantity": 1,
      "status": "Active / In Use",
      "model": "7790-900B",
      "notes": "Acquired with Tech Fee year 2021 award",
      "created_at": "2025-06-24 18:22:16",
      "updated_at": "2025-06-24 18:22:16"
    },
    {
      "name": "Laboratory Drying Oven",
      "category": "Thermo Scientifc",
      "lab": "EC3625",
      "serialNumber": "43306638",
      "quantity": 1,
      "status": "Active / In Use",
      "model": "HERAtherm OMS100",
      "created_at": "2025-06-24 18:22:16",
      "updated_at": "2025-06-24 18:22:16"
    },
    {
      "name": "Laboratory Freezer",
      "category": "General Electric",
      "lab": "EC3625",
      "serialNumber": "LA162354",
      "quantity": 1,
      "status": "Active / In Use",
      "model": "FUM21SMARWH",
      "created_at": "2025-06-24 18:22:16",
      "updated_at": "2025-06-24 18:22:16"
    },
    {
      "name": "Laboratory Freezer",
      "category": "General Electric",
      "lab": "EC3625",
      "serialNumber": "LA162334",
      "quantity": 1,
      "status": "Active / In Use",
      "model": "FUM21SMARWH",
      "created_at": "2025-06-24 18:22:16",
      "updated_at": "2025-06-24 18:22:16"
    },
    {
      "name": "Laboratory Scale",
      "category": "Mettler Toledo",
      "lab": "EC3625",
      "serialNumber": "C417983915",
      "quantity": 1,
      "status": "Active / In Use",
      "model": "XSR105",
      "fiuId": "4980-00141645",
      "created_at": "2025-06-24 18:22:16",
      "updated_at": "2025-06-24 18:22:16"
    },
    {
      "name": "Laboratory Scale",
      "category": "Ohaus",
      "lab": "EC3625",
      "serialNumber": "C117629368",
      "quantity": 1,
      "status": "Active / In Use",
      "model": "AX224",
      "created_at": "2025-06-24 18:22:16",
      "updated_at": "2025-06-24 18:22:16"
    },
    {
      "name": "Laboratory Scale",
      "category": "Mettler Toledo",
      "lab": "EC3625",
      "serialNumber": "C424255315",
      "quantity": 1,
      "status": "Active / In Use",
      "model": "ME1002T",
      "created_at": "2025-06-24 18:22:16",
      "updated_at": "2025-06-24 18:22:16"
    },
    {
      "name": "Laboratory Scale",
      "category": "Adam",
      "lab": "EC3625",
      "serialNumber": "PE766548",
      "quantity": 1,
      "status": "Active / In Use",
      "model": "PGL203",
      "created_at": "2025-06-24 18:22:16",
      "updated_at": "2025-06-24 18:22:16"
    },
    {
      "name": "Laboratory Scale",
      "category": "Adam",
      "lab": "EC3625",
      "serialNumber": "PE766549",
      "quantity": 1,
      "status": "Active / In Use",
      "model": "PGL203",
      "created_at": "2025-06-24 18:22:16",
      "updated_at": "2025-06-24 18:22:16"
    },
    {
      "name": "Laboratory Scale",
      "category": "Adam",
      "lab": "EC3625",
      "serialNumber": "AEAK027",
      "quantity": 1,
      "status": "Active / In Use",
      "model": "LPB223E",
      "created_at": "2025-06-24 18:22:16",
      "updated_at": "2025-06-24 18:22:16"
    },
    {
      "name": "Laboratory Water Pretreatment Single Cartridge System",
      "category": "Thermo Scientifc",
      "lab": "EC3625",
      "serialNumber": "EQUIP-005",
      "quantity": 1,
      "status": "Active / In Use",
      "model": "D0800 Bantam",
      "created_at": "2025-06-24 18:22:16",
      "updated_at": "2025-06-24 18:22:16"
    },
    {
      "name": "Laboratory Water Purification System",
      "category": "Barnstead",
      "lab": "EC3625",
      "serialNumber": "1602149003705",
      "quantity": 1,
      "status": "Active / In Use",
      "model": "Smart2Pure Pro UV/UF 16 LPH",
      "fiuId": "4980-00140561",
      "created_at": "2025-06-24 18:22:16",
      "updated_at": "2025-06-24 18:22:16"
    },
    {
      "name": "Liquid Sedimentation Apparatus",
      "category": "TQ",
      "lab": "EC3625",
      "serialNumber": "EQUIP-004",
      "quantity": 1,
      "status": "Active / In Use",
      "model": "H311",
      "fiuId": "4980-00123213",
      "created_at": "2025-06-24 18:22:16",
      "updated_at": "2025-06-24 18:22:16"
    },
    {
      "name": "Low Temperature Incubator",
      "category": "Precision Scientific",
      "lab": "EC3625",
      "serialNumber": "WB81030359",
      "quantity": 1,
      "status": "Active / In Use",
      "model": "MFU20F3GW1",
      "fiuId": "4980-00088181",
      "created_at": "2025-06-24 18:22:16",
      "updated_at": "2025-06-24 18:22:16"
    },
    {
      "name": "Magnetic Stirring Multiposition Plate",
      "category": "Variomac",
      "lab": "EC3625",
      "serialNumber": "EQUIP-006",
      "quantity": 1,
      "status": "Active / In Use",
      "model": "HP15",
      "fiuId": "4980-00092364",
      "created_at": "2025-06-24 18:22:16",
      "updated_at": "2025-06-24 18:22:16"
    },
    {
      "name": "Optical Microscope",
      "category": "American Optical Corporation",
      "lab": "EC3625",
      "serialNumber": "908499",
      "quantity": 1,
      "status": "Active / In Use",
      "model": "fifty",
      "fiuId": "4980-00006466",
      "image": "/uploads/equipment-1750791930260-4279847.jpg",
      "manualLink": "https://user.xmission.com/~psneeley/Personal/AO60%20manual.pdf",
      "created_at": "2025-06-24 18:22:16",
      "updated_at": "2025-06-25 15:03:44"
    },
    {
      "name": "Optical Microscope",
      "category": "American Optical Corporation",
      "lab": "EC3625",
      "serialNumber": "908573",
      "quantity": 1,
      "status": "Active / In Use",
      "model": "fifty",
      "fiuId": "4980-00006467",
      "created_at": "2025-06-24 18:22:16",
      "updated_at": "2025-06-24 18:22:16"
    },
    {
      "name": "Optical Microscope",
      "category": "American Optical Corporation",
      "lab": "EC3625",
      "serialNumber": "908600",
      "quantity": 1,
      "status": "Active / In Use",
      "model": "fifty",
      "fiuId": "4980-00006468",
      "created_at": "2025-06-24 18:22:16",
      "updated_at": "2025-06-24 18:22:16"
    },
    {
      "name": "Optical Microscope",
      "category": "American Optical Corporation",
      "lab": "EC3625",
      "serialNumber": "918113",
      "quantity": 1,
      "status": "Active / In Use",
      "model": "fifty",
      "fiuId": "4980-00006469",
      "created_at": "2025-06-24 18:22:16",
      "updated_at": "2025-06-24 18:22:16"
    },
    {
      "name": "Optical Microscope",
      "category": "American Optical Corporation",
      "lab": "EC3625",
      "serialNumber": "918168",
      "quantity": 1,
      "status": "Active / In Use",
      "model": "fifty",
      "fiuId": "4980-00006471",
      "created_at": "2025-06-24 18:22:16",
      "updated_at": "2025-06-24 18:22:16"
    },
    {
      "name": "Optical Microscope",
      "category": "American Optical Corporation",
      "lab": "EC3625",
      "serialNumber": "918226",
      "quantity": 1,
      "status": "Active / In Use",
      "model": "fifty",
      "fiuId": "4980-00006473",
      "created_at": "2025-06-24 18:22:16",
      "updated_at": "2025-06-24 18:22:16"
    },
    {
      "name": "Optical Microscope",
      "category": "American Optical Corporation",
      "lab": "EC3625",
      "serialNumber": "918356",
      "quantity": 1,
      "status": "Active / In Use",
      "model": "fifty",
      "fiuId": "4980-00006475",
      "created_at": "2025-06-24 18:22:16",
      "updated_at": "2025-06-24 18:22:16"
    },
    {
      "name": "Optical Microscope",
      "category": "American Optical Corporation",
      "lab": "EC3625",
      "serialNumber": "918383",
      "quantity": 1,
      "status": "Active / In Use",
      "model": "fifty",
      "fiuId": "4980-00006476",
      "created_at": "2025-06-24 18:22:16",
      "updated_at": "2025-06-24 18:22:16"
    },
    {
      "name": "Optical Microscope",
      "category": "American Optical Corporation",
      "lab": "EC3625",
      "serialNumber": "918390",
      "quantity": 1,
      "status": "Active / In Use",
      "model": "fifty",
      "fiuId": "4980-00006477",
      "created_at": "2025-06-24 18:22:16",
      "updated_at": "2025-06-24 18:22:16"
    },
    {
      "name": "Optical Microscope",
      "category": "AO Scientific Instrument",
      "lab": "EC3625",
      "serialNumber": "281854",
      "quantity": 1,
      "status": "Active / In Use",
      "model": "One-fifty",
      "fiuId": "4980-00024558",
      "created_at": "2025-06-24 18:22:16",
      "updated_at": "2025-06-24 18:22:16"
    },
    {
      "name": "Optical Microscope",
      "category": "AO Scientific Instrument",
      "lab": "EC3625",
      "serialNumber": "281864",
      "quantity": 1,
      "status": "Active / In Use",
      "model": "One-fifty",
      "fiuId": "4980-00024559",
      "created_at": "2025-06-24 18:22:16",
      "updated_at": "2025-06-24 18:22:16"
    },
    {
      "name": "Optical Microscope",
      "category": "AO Scientific Instrument",
      "lab": "EC3625",
      "serialNumber": "281869",
      "quantity": 1,
      "status": "Active / In Use",
      "model": "One-fifty",
      "fiuId": "4980-00024560",
      "created_at": "2025-06-24 18:22:16",
      "updated_at": "2025-06-24 18:22:16"
    },
    {
      "name": "Optical Microscope",
      "category": "Swift",
      "lab": "EC3625",
      "serialNumber": "#03010637",
      "quantity": 1,
      "status": "Active / In Use",
      "model": "Single Phase",
      "created_at": "2025-06-24 18:22:16",
      "updated_at": "2025-06-24 18:22:16"
    },
    {
      "name": "Optical Microscope",
      "category": "Swift",
      "lab": "EC3625",
      "serialNumber": "#03010638",
      "quantity": 1,
      "status": "Active / In Use",
      "model": "Single Phase",
      "created_at": "2025-06-24 18:22:16",
      "updated_at": "2025-06-24 18:22:16"
    },
    {
      "name": "Optical Microscope",
      "category": "Swift",
      "lab": "EC3625",
      "serialNumber": "#03010558",
      "quantity": 1,
      "status": "Active / In Use",
      "model": "Single Phase",
      "created_at": "2025-06-24 18:22:16",
      "updated_at": "2025-06-24 18:22:16"
    },
    {
      "name": "Optical Microscope",
      "category": "Swift",
      "lab": "EC3625",
      "serialNumber": "#03010591",
      "quantity": 1,
      "status": "Active / In Use",
      "model": "Single Phase",
      "created_at": "2025-06-24 18:22:16",
      "updated_at": "2025-06-24 18:22:16"
    },
    {
      "name": "Optical Microscope",
      "category": "Swift",
      "lab": "EC3625",
      "serialNumber": "#03010570",
      "quantity": 1,
      "status": "Active / In Use",
      "model": "Single Phase",
      "created_at": "2025-06-24 18:22:16",
      "updated_at": "2025-06-24 18:22:16"
    },
    {
      "name": "Optical Microscope",
      "category": "Swift",
      "lab": "EC3625",
      "serialNumber": "#03010274",
      "quantity": 1,
      "status": "Active / In Use",
      "model": "Multi Phase",
      "created_at": "2025-06-24 18:22:16",
      "updated_at": "2025-06-24 18:22:16"
    },
    {
      "name": "Permeability Fluidization Studies Apparatus",
      "category": "Armfield",
      "lab": "EC3625",
      "serialNumber": "48827-001",
      "quantity": 1,
      "status": "Active / In Use",
      "model": "W3-MKII",
      "fiuId": "4980-00139803",
      "notes": "Acquired with Tech Fee year 2021 award",
      "created_at": "2025-06-24 18:22:16",
      "updated_at": "2025-06-24 18:22:16"
    },
    {
      "name": "Perystaltic pump",
      "category": "Masterflex",
      "lab": "EC3625",
      "serialNumber": "E21002399",
      "quantity": 1,
      "status": "Active / In Use",
      "model": "07522-20",
      "notes": "New (unopened)",
      "created_at": "2025-06-24 18:22:16",
      "updated_at": "2025-06-24 18:22:16"
    },
    {
      "name": "Perystaltic pump",
      "category": "Masterflex",
      "lab": "EC3625",
      "serialNumber": "F15004275",
      "quantity": 1,
      "status": "Active / In Use",
      "model": "07554-90",
      "created_at": "2025-06-24 18:22:16",
      "updated_at": "2025-06-24 18:22:16"
    },
    {
      "name": "Perystaltic pump",
      "category": "Masterflex",
      "lab": "EC3625",
      "serialNumber": "A16001206",
      "quantity": 1,
      "status": "Active / In Use",
      "model": "07554-90",
      "created_at": "2025-06-24 18:22:16",
      "updated_at": "2025-06-24 18:22:16"
    },
    {
      "name": "Perystaltic pump",
      "category": "Masterflex",
      "lab": "EC3625",
      "serialNumber": "E18004865",
      "quantity": 1,
      "status": "Active / In Use",
      "model": "07554-90",
      "created_at": "2025-06-24 18:22:16",
      "updated_at": "2025-06-24 18:22:16"
    },
    {
      "name": "Photochemical Reactor",
      "category": "Rayonet",
      "lab": "EC3625",
      "serialNumber": "EQUIP-007",
      "quantity": 1,
      "status": "Active / In Use",
      "model": "RPR 100",
      "fiuId": "4980-00070522",
      "created_at": "2025-06-24 18:22:16",
      "updated_at": "2025-06-24 18:22:16"
    },
    {
      "name": "Soil/Water Model Tank",
      "category": "Armfield",
      "lab": "EC3625",
      "serialNumber": "48495-001",
      "quantity": 1,
      "status": "Active / In Use",
      "model": "FEL2-B",
      "fiuId": "4980-00139802",
      "notes": "Acquired with Tech Fee year 2021 award",
      "created_at": "2025-06-24 18:22:16",
      "updated_at": "2025-06-24 18:22:16"
    },
    {
      "name": "Sonicator Bath",
      "category": "Emerson Branson",
      "lab": "EC3625",
      "serialNumber": "BGS052485340D",
      "quantity": 1,
      "status": "Active / In Use",
      "model": "CPX8800H",
      "created_at": "2025-06-24 18:22:16",
      "updated_at": "2025-06-24 18:22:16"
    },
    {
      "name": "Spectrophotometer",
      "category": "Hewlet Packard",
      "lab": "EC3625",
      "serialNumber": "3338A04661",
      "quantity": 1,
      "status": "Active / In Use",
      "model": "8452A",
      "fiuId": "4980-00073056",
      "notes": "Can only be used at ONE fixed lambda",
      "created_at": "2025-06-24 18:22:16",
      "updated_at": "2025-06-24 18:22:16"
    },
    {
      "name": "UV lamp (portable)",
      "category": "Cole Palmer",
      "lab": "EC3625",
      "serialNumber": "4018004",
      "quantity": 1,
      "status": "Active / In Use",
      "model": "09818-07",
      "notes": "New (unopened)",
      "created_at": "2025-06-24 18:22:16",
      "updated_at": "2025-06-24 18:22:16"
    },
    {
      "name": "UV lamp (portable)",
      "category": "Cole Palmer",
      "lab": "EC3625",
      "serialNumber": "4018003",
      "quantity": 1,
      "status": "Active / In Use",
      "model": "09818-07",
      "notes": "New (unopened)",
      "created_at": "2025-06-24 18:22:16",
      "updated_at": "2025-06-24 18:22:16"
    },
    {
      "name": "UV lamp (portable)",
      "category": "Cole Palmer",
      "lab": "EC3625",
      "serialNumber": "4018002",
      "quantity": 1,
      "status": "Active / In Use",
      "model": "09818-07",
      "notes": "New (unopened)",
      "created_at": "2025-06-24 18:22:16",
      "updated_at": "2025-06-24 18:22:16"
    },
    {
      "name": "UV lamp (portable)",
      "category": "Cole Palmer",
      "lab": "EC3625",
      "serialNumber": "4018007",
      "quantity": 1,
      "status": "Active / In Use",
      "model": "09818-07",
      "notes": "New (unopened)",
      "created_at": "2025-06-24 18:22:16",
      "updated_at": "2025-06-24 18:22:16"
    },
    {
      "name": "UV/Visible Spectrophotometer",
      "category": "Thermo Scientifc",
      "lab": "EC3625",
      "serialNumber": "9A5C120034",
      "quantity": 1,
      "status": "Active / In Use",
      "model": "Genesys 180",
      "fiuId": "4980-00141631",
      "created_at": "2025-06-24 18:22:16",
      "updated_at": "2025-06-24 18:22:16"
    },
    {
      "name": "UV/Visible Spectrophotometer",
      "category": "Thermo Scientifc",
      "lab": "EC3625",
      "serialNumber": "8A1X305213",
      "quantity": 1,
      "status": "Active / In Use",
      "model": "Spectronic 200E",
      "created_at": "2025-06-24 18:22:16",
      "updated_at": "2025-06-24 18:22:16"
    },
    {
      "name": "UV/Visible Spectrophotometer",
      "category": "Thermo Scientifc",
      "lab": "EC3625",
      "serialNumber": "8A2W032210",
      "quantity": 1,
      "status": "Active / In Use",
      "model": "Spectronic 200E",
      "created_at": "2025-06-24 18:22:16",
      "updated_at": "2025-06-24 18:22:16"
    },
    {
      "name": "UV/Visible Spectrophotometer",
      "category": "Thermo Scientifc",
      "lab": "EC3625",
      "serialNumber": "8A1X305227",
      "quantity": 1,
      "status": "Active / In Use",
      "model": "Spectronic 200E",
      "created_at": "2025-06-24 18:22:16",
      "updated_at": "2025-06-24 18:22:16"
    },
    {
      "name": "UV/Visible Spectrophotometer",
      "category": "Thermo Scientifc",
      "lab": "EC3625",
      "serialNumber": "8A1X238214",
      "quantity": 1,
      "status": "Active / In Use",
      "model": "Spectronic 200E",
      "created_at": "2025-06-24 18:22:16",
      "updated_at": "2025-06-24 18:22:16"
    },
    {
      "name": "UV/Visible Spectrophotometer",
      "category": "Fisher Scientific",
      "lab": "EC3625",
      "serialNumber": "FU10101010075",
      "quantity": 1,
      "status": "Active / In Use",
      "model": "1000",
      "created_at": "2025-06-24 18:22:16",
      "updated_at": "2025-06-24 18:22:16"
    },
    {
      "name": "Aerobic Digester",
      "category": "Armfield",
      "lab": "EC3760",
      "serialNumber": "EQUIP-018-DUP1",
      "quantity": 1,
      "status": "Not specified",
      "model": "W 11",
      "created_at": "2025-06-24 18:22:17",
      "updated_at": "2025-06-24 18:22:17"
    },
    {
      "name": "Anaerobic Digester",
      "category": "Armfield",
      "lab": "EC3760",
      "serialNumber": "EQUIP-020-DUP1",
      "quantity": 1,
      "status": "Not specified",
      "model": "W 8",
      "created_at": "2025-06-24 18:22:17",
      "updated_at": "2025-06-24 18:22:17"
    },
    {
      "name": "COD reactor",
      "category": "Hack",
      "lab": "EC3760",
      "serialNumber": "961100015071",
      "quantity": 1,
      "status": "Not specified",
      "model": "45600-00 P/N",
      "created_at": "2025-06-24 18:22:17",
      "updated_at": "2025-06-24 18:22:17"
    },
    {
      "name": "COD reactor",
      "category": "Hach",
      "lab": "EC3760",
      "serialNumber": "881011556",
      "quantity": 1,
      "status": "Not specified",
      "model": "16500-10",
      "created_at": "2025-06-24 18:22:17",
      "updated_at": "2025-06-24 18:22:17"
    },
    {
      "name": "Centrifuge",
      "category": "Raven",
      "lab": "EC3760",
      "serialNumber": "EQUIP-001-DUP2",
      "quantity": 1,
      "status": "Not specified",
      "created_at": "2025-06-24 18:22:17",
      "updated_at": "2025-06-24 18:22:17"
    },
    {
      "name": "Centrifuge",
      "category": "International Equipment Company",
      "lab": "EC3760",
      "serialNumber": "AA00760",
      "quantity": 1,
      "status": "Not specified",
      "model": "HN-SII",
      "created_at": "2025-06-24 18:22:17",
      "updated_at": "2025-06-24 18:22:17"
    },
    {
      "name": "Centrifuge",
      "category": "International Equipment Company",
      "lab": "EC3760",
      "serialNumber": "AF2511",
      "quantity": 1,
      "status": "Not specified",
      "fiuId": "4980-00005770",
      "created_at": "2025-06-24 18:22:17",
      "updated_at": "2025-06-24 18:22:17"
    },
    {
      "name": "Computer Controller",
      "category": "Hewlet Packard",
      "lab": "EC3760",
      "serialNumber": "EQUIP-002-DUP2",
      "quantity": 1,
      "status": "Not specified",
      "model": "7673A",
      "fiuId": "4980-00034080",
      "notes": "has its monitor",
      "created_at": "2025-06-24 18:22:17",
      "updated_at": "2025-06-24 18:22:17"
    },
    {
      "name": "Controller PID recorder ",
      "category": "HNU Systems",
      "lab": "EC3760",
      "serialNumber": "52E0106",
      "quantity": 1,
      "status": "Not specified",
      "model": "PI-52",
      "fiuId": "4980-00082887; 4980-00101896",
      "created_at": "2025-06-24 18:22:17",
      "updated_at": "2025-06-24 18:22:17"
    },
    {
      "name": "Data System Optiplex",
      "category": "DELL",
      "lab": "EC3760",
      "serialNumber": "278-562-85",
      "quantity": 1,
      "status": "Not specified",
      "model": "GX100",
      "fiuId": "4980-00097463",
      "created_at": "2025-06-24 18:22:17",
      "updated_at": "2025-06-24 18:22:17"
    },
    {
      "name": "Data System and its Monitor",
      "category": "Zenith",
      "lab": "EC3760",
      "serialNumber": "O44CDOO4314",
      "quantity": 1,
      "status": "Not specified",
      "model": "ZCV-2525-EM",
      "fiuId": "4980-00065920; 4980-00066048",
      "notes": "Obsolete | SURPLUS",
      "created_at": "2025-06-24 18:22:17",
      "updated_at": "2025-06-24 18:22:17"
    },
    {
      "name": "Detector Controller",
      "category": "OI-Analytical",
      "lab": "EC3760",
      "serialNumber": "B720553826",
      "quantity": 1,
      "status": "Not specified",
      "model": "5300",
      "fiuId": "4980-00082888",
      "created_at": "2025-06-24 18:22:17",
      "updated_at": "2025-06-24 18:22:17"
    },
    {
      "name": "Dissolved Oxygen Meter",
      "category": "Hach",
      "lab": "EC3760",
      "serialNumber": "EQUIP-003-DUP2",
      "quantity": 1,
      "status": "Not specified",
      "model": "DO175",
      "fiuId": "4980-00078144",
      "created_at": "2025-06-24 18:22:17",
      "updated_at": "2025-06-24 18:22:17"
    },
    {
      "name": "Dot Matrix Printer",
      "category": "Citizen 120D",
      "lab": "EC3760",
      "serialNumber": "1063026-67",
      "quantity": 1,
      "status": "Not specified",
      "model": "LSP-10",
      "fiuId": "33944",
      "notes": "Obsolete | SURPLUS",
      "created_at": "2025-06-24 18:22:17",
      "updated_at": "2025-06-24 18:22:17"
    },
    {
      "name": "Freezer",
      "category": "Fisher Scientific",
      "lab": "EC3760",
      "serialNumber": "EQUIP-004-DUP2",
      "quantity": 1,
      "status": "Not specified",
      "fiuId": "4980-00067547",
      "notes": "does not work--will be exchanged by newer at VH-173 | SURPLUS.  NOTE:  A new refrigerator will be brought from VH-172 | SURPLUSed on June 20, 2011",
      "created_at": "2025-06-24 18:22:17",
      "updated_at": "2025-06-24 18:22:17"
    },
    {
      "name": "GC AutoInjector",
      "category": "Hewlet Packard",
      "lab": "EC3760",
      "serialNumber": "US93508936",
      "quantity": 1,
      "status": "Not specified",
      "model": "G2613A",
      "fiuId": "4980-00095883",
      "notes": "P.O. for Upgrade issued in June 2011",
      "created_at": "2025-06-24 18:22:17",
      "updated_at": "2025-06-24 18:22:17"
    },
    {
      "name": "GC AutoSampler Tray",
      "category": "Hewlet Packard",
      "lab": "EC3760",
      "serialNumber": "US93305842",
      "quantity": 1,
      "status": "Not specified",
      "model": "G2614A",
      "fiuId": "4980-00096067",
      "notes": "P.O. for Upgrade issued in June 2011",
      "created_at": "2025-06-24 18:22:17",
      "updated_at": "2025-06-24 18:22:17"
    },
    {
      "name": "GC Detector",
      "category": "Hewlet Packard",
      "lab": "EC3760",
      "serialNumber": "EQUIP-005-DUP2",
      "quantity": 1,
      "status": "Not specified",
      "model": "6890 Series",
      "fiuId": "4980-00096066",
      "notes": "Flame Photometric Detector | P.O. for Upgrade issued in June 2011",
      "created_at": "2025-06-24 18:22:17",
      "updated_at": "2025-06-24 18:22:17"
    },
    {
      "name": "GC Headspace Sampler",
      "category": "Hewlet Packard",
      "lab": "EC3760",
      "serialNumber": "IT00110121",
      "quantity": 1,
      "status": "Not specified",
      "model": "7694/G1290B",
      "fiuId": "4980-00100515",
      "created_at": "2025-06-24 18:22:17",
      "updated_at": "2025-06-24 18:22:17"
    },
    {
      "name": "Gas Chromatographer",
      "category": "Hewlet Packard",
      "lab": "EC3760",
      "serialNumber": "3336A62124",
      "quantity": 1,
      "status": "Not specified",
      "model": "5890 Series II",
      "fiuId": "4980-00083707; 4980-00083706",
      "notes": "the FIU_tag ending in 73 may be the ECD | Presumably, it may have recoup value towards purchase of NEW equipment",
      "created_at": "2025-06-24 18:22:17",
      "updated_at": "2025-06-24 18:22:17"
    },
    {
      "name": "Gas Chromatographer",
      "category": "Hewlet Packard",
      "lab": "EC3760",
      "serialNumber": "US00030158",
      "quantity": 1,
      "status": "Not specified",
      "model": "G1530A",
      "fiuId": "4980-00096828; 4980-00097574",
      "notes": "P.O. for Upgrade issued in June 2011",
      "created_at": "2025-06-24 18:22:17",
      "updated_at": "2025-06-24 18:22:17"
    },
    {
      "name": "Glassware Washer",
      "category": "National",
      "lab": "EC3760",
      "serialNumber": "80442",
      "quantity": 1,
      "status": "Not specified",
      "model": "NLW-76",
      "notes": "GIF INCONVENIENTLY located on back of unit | Work order placed to change electrical receptacle",
      "created_at": "2025-06-24 18:22:17",
      "updated_at": "2025-06-24 18:22:17"
    },
    {
      "name": "Gyrotory Shaker",
      "category": "New Brunswick Scientific",
      "lab": "EC3760",
      "serialNumber": "771985",
      "quantity": 1,
      "status": "Not specified",
      "model": "G2",
      "fiuId": "4980-00013502",
      "created_at": "2025-06-24 18:22:17",
      "updated_at": "2025-06-24 18:22:17"
    },
    {
      "name": "Gyrotory Shaker",
      "category": "New Brunswick Scientific",
      "lab": "EC3760",
      "serialNumber": "790454126",
      "quantity": 1,
      "status": "Not specified",
      "model": "G2",
      "fiuId": "4980-00083250",
      "created_at": "2025-06-24 18:22:17",
      "updated_at": "2025-06-24 18:22:17"
    },
    {
      "name": "Gyrotory Shaker",
      "category": "New Brunswick Scientific",
      "lab": "EC3760",
      "serialNumber": "68025058",
      "quantity": 1,
      "status": "Not specified",
      "model": "G2",
      "fiuId": "4980-00030473",
      "created_at": "2025-06-24 18:22:17",
      "updated_at": "2025-06-24 18:22:17"
    },
    {
      "name": "Gyrotory Shaker",
      "category": "New Brunswick Scientific",
      "lab": "EC3760",
      "serialNumber": "890815789",
      "quantity": 1,
      "status": "Not specified",
      "model": "G2",
      "fiuId": "4980-00094392",
      "created_at": "2025-06-24 18:22:17",
      "updated_at": "2025-06-24 18:22:17"
    },
    {
      "name": "Gyrotory Shaker",
      "category": "New Brunswick Scientific",
      "lab": "EC3760",
      "serialNumber": "EQUIP-006-DUP2",
      "quantity": 1,
      "status": "Not specified",
      "model": "G2",
      "notes": "Brand new in its Box",
      "created_at": "2025-06-24 18:22:17",
      "updated_at": "2025-06-24 18:22:17"
    },
    {
      "name": "Hood",
      "category": "Labconco",
      "lab": "EC3760",
      "serialNumber": "A03983",
      "quantity": 1,
      "status": "Not specified",
      "model": "L.A.#301116",
      "notes": "Did not pass inspection 11/15/2010 | Contact Maintenance or EH&S",
      "created_at": "2025-06-24 18:22:17",
      "updated_at": "2025-06-24 18:22:17"
    },
    {
      "name": "Hood",
      "category": "Captair Labx, Inc ",
      "lab": "EC3760",
      "serialNumber": "CSA036885X0000",
      "quantity": 1,
      "status": "Not specified",
      "model": "Toxicap",
      "fiuId": "4980-00085063; 4980-00098926",
      "notes": "last calibration:April 11, 1999  -Works OK | Contact EH&S to check ventilation rate | SURPLUsed on May 2013",
      "created_at": "2025-06-24 18:22:17",
      "updated_at": "2025-06-24 18:22:17"
    },
    {
      "name": "Hydraulic Bench",
      "category": "Armfield",
      "lab": "EC3760",
      "serialNumber": "EQUIP-022-DUP1",
      "quantity": 1,
      "status": "Not specified",
      "model": "F1-10",
      "fiuId": "4980-00102455",
      "notes": "the fiu tag is on\"series parallel\"",
      "created_at": "2025-06-24 18:22:17",
      "updated_at": "2025-06-24 18:22:17"
    },
    {
      "name": "Isotemp bath",
      "category": "Fisher",
      "lab": "EC3760",
      "serialNumber": "805N0572",
      "quantity": 1,
      "status": "Not specified",
      "model": "Isotemp 210",
      "created_at": "2025-06-24 18:22:17",
      "updated_at": "2025-06-24 18:22:17"
    },
    {
      "name": "Isotemp bath",
      "category": "Fisher",
      "lab": "EC3760",
      "serialNumber": "805N0292",
      "quantity": 1,
      "status": "Not specified",
      "model": "Isotemp 220",
      "fiuId": "4980-00088471",
      "notes": "does not seem to be working | CHECK IT before deciding",
      "created_at": "2025-06-24 18:22:17",
      "updated_at": "2025-06-24 18:22:17"
    },
    {
      "name": "Jar TestBench Scale Unit",
      "category": "Phipps and Bird",
      "lab": "EC3760",
      "serialNumber": "AA00548",
      "quantity": 1,
      "status": "Not specified",
      "model": "PB-700",
      "notes": "total of 5 P&B units: units may be found either at EC3625 or EC3760           TOTAL JARS: 17 in use, 6 brand-new, 7 missing",
      "created_at": "2025-06-24 18:22:17",
      "updated_at": "2025-06-24 18:22:17"
    },
    {
      "name": "Jar TestBench Scale Unit",
      "category": "Phipps and Bird",
      "lab": "EC3760",
      "serialNumber": "AA00549",
      "quantity": 1,
      "status": "Not specified",
      "model": "PB-700",
      "notes": "total of 5 P&B units: units may be found either at EC3625 or EC3760           TOTAL JARS: 17 in use, 6 brand-new, 7 missing",
      "created_at": "2025-06-24 18:22:17",
      "updated_at": "2025-06-24 18:22:17"
    },
    {
      "name": "Jar TestBench Scale Unit",
      "category": "Phipps and Bird",
      "lab": "EC3760",
      "serialNumber": "AA00550",
      "quantity": 1,
      "status": "Not specified",
      "model": "PB-700",
      "notes": "total of 5 P&B units: units may be found either at EC3625 or EC3760           TOTAL JARS: 17 in use, 6 brand-new, 7 missing",
      "created_at": "2025-06-24 18:22:17",
      "updated_at": "2025-06-24 18:22:17"
    },
    {
      "name": "Jar TestBench Scale Unit",
      "category": "Phipps and Bird",
      "lab": "EC3760",
      "serialNumber": "AA00746",
      "quantity": 1,
      "status": "Not specified",
      "model": "PB-700",
      "notes": "total of 5 P&B units: units may be found either at EC3625 or EC3760           TOTAL JARS: 17 in use, 6 brand-new, 7 missing",
      "created_at": "2025-06-24 18:22:17",
      "updated_at": "2025-06-24 18:22:17"
    },
    {
      "name": "Jar TestBench Scale Unit",
      "category": "Phipps and Bird",
      "lab": "EC3760",
      "serialNumber": "EQUIP-007-DUP2",
      "quantity": 1,
      "status": "Not specified",
      "model": "7790-400",
      "fiuId": "4980-00069531",
      "notes": "total of 5 P&B units: units may be found either at EC3625 or EC3760           TOTAL JARS: 17 in use, 6 brand-new, 7 missing",
      "created_at": "2025-06-24 18:22:17",
      "updated_at": "2025-06-24 18:22:17"
    },
    {
      "name": "Kjedahl digestion aparatus",
      "category": "Labconco",
      "lab": "EC3760",
      "serialNumber": "AA00747",
      "quantity": 1,
      "status": "Not specified",
      "model": "21276-02T",
      "notes": "This is a valuable Kjeldahl Distillation Unit..parts are missing | Contact Manufacturer (may be worth it!)",
      "created_at": "2025-06-24 18:22:17",
      "updated_at": "2025-06-24 18:22:17"
    },
    {
      "name": "Lab Oven",
      "category": "Thelco Precision",
      "lab": "EC3760",
      "serialNumber": "600061094",
      "quantity": 1,
      "status": "Not specified",
      "fiuId": "4980-00099167",
      "created_at": "2025-06-24 18:22:17",
      "updated_at": "2025-06-24 18:22:17"
    },
    {
      "name": "Microbial Toxicity Analyzer",
      "category": "Microbics",
      "lab": "EC3760",
      "serialNumber": "EQUIP-008-DUP2",
      "quantity": 1,
      "status": "Not specified",
      "model": "M-500",
      "fiuId": "4980-00078446",
      "created_at": "2025-06-24 18:22:17",
      "updated_at": "2025-06-24 18:22:17"
    },
    {
      "name": "Microbial Toxicity Analyzer",
      "category": "Microbics",
      "lab": "EC3760",
      "serialNumber": "EQUIP-009-DUP1",
      "quantity": 1,
      "status": "Not specified",
      "model": "M-500",
      "fiuId": "4980-00065936",
      "created_at": "2025-06-24 18:22:17",
      "updated_at": "2025-06-24 18:22:17"
    },
    {
      "name": "Mini fraction collector for low pressure LC",
      "category": "Teledyne ISCO",
      "lab": "EC3760",
      "serialNumber": "206A20063",
      "quantity": 1,
      "status": "Not specified",
      "model": "Retriever 500",
      "fiuId": "4980-00116489",
      "created_at": "2025-06-24 18:22:17",
      "updated_at": "2025-06-24 18:22:17"
    },
    {
      "name": "Oven",
      "category": "Fisher",
      "lab": "EC3760",
      "serialNumber": "EQUIP-010-DUP1",
      "quantity": 1,
      "status": "Not specified",
      "model": "Isotemp 500 series",
      "fiuId": "4980-00088180",
      "created_at": "2025-06-24 18:22:17",
      "updated_at": "2025-06-24 18:22:17"
    },
    {
      "name": "Permeability and Fluidisation ",
      "category": "Armfield",
      "lab": "EC3760",
      "serialNumber": "EQUIP-019-DUP1",
      "quantity": 1,
      "status": "Not specified",
      "model": "W 3",
      "fiuId": "4980-00116572",
      "created_at": "2025-06-24 18:22:17",
      "updated_at": "2025-06-24 18:22:17"
    },
    {
      "name": "Pressure steamer/sterilizer",
      "category": "All american",
      "lab": "EC3760",
      "serialNumber": "EQUIP-011-DUP1",
      "quantity": 1,
      "status": "Not specified",
      "model": "model 25X",
      "created_at": "2025-06-24 18:22:17",
      "updated_at": "2025-06-24 18:22:17"
    },
    {
      "name": "Refrigerator/Top Freezer",
      "category": "Fisher Scientific",
      "lab": "EC3760",
      "serialNumber": "EQUIP-012-DUP1",
      "quantity": 1,
      "status": "Not specified",
      "notes": "moderately works--will be exchanged by newer at VH-172 | SURPLUS.  NOTE:  A new refrigerator will be brought from VH-172 | SURPLUSed on June 20, 2011",
      "created_at": "2025-06-24 18:22:17",
      "updated_at": "2025-06-24 18:22:17"
    },
    {
      "name": "Soil Moisture Equipment",
      "category": "Soilmoisture Equipment Corp",
      "lab": "EC3760",
      "serialNumber": "EQUIP-021-DUP1",
      "quantity": 1,
      "status": "Not specified",
      "fiuId": "4980-US003647",
      "created_at": "2025-06-24 18:22:17",
      "updated_at": "2025-06-24 18:22:17"
    },
    {
      "name": "Spectrophotometer",
      "category": "Coleman",
      "lab": "EC3760",
      "serialNumber": "EQUIP-013-DUP1",
      "quantity": 1,
      "status": "Not specified",
      "model": "Junior IIA",
      "fiuId": "4980-00015547",
      "notes": "the source is dead | SURPLUS",
      "created_at": "2025-06-24 18:22:17",
      "updated_at": "2025-06-24 18:22:17"
    },
    {
      "name": "Spectrophotometer",
      "category": "Bausch and Lomb",
      "lab": "EC3760",
      "serialNumber": "6494 KR-AA00336",
      "quantity": 1,
      "status": "Not specified",
      "model": "Spectronic 20",
      "notes": "Does not work | SURPLUS",
      "created_at": "2025-06-24 18:22:17",
      "updated_at": "2025-06-24 18:22:17"
    },
    {
      "name": "Syringe Pump",
      "category": "Soil Measuremet Systems",
      "lab": "EC3760",
      "serialNumber": "EQUIP-015-DUP1",
      "quantity": 1,
      "status": "Not specified",
      "fiuId": "4980-00116490",
      "created_at": "2025-06-24 18:22:17",
      "updated_at": "2025-06-24 18:22:17"
    },
    {
      "name": "Three-cartridge Water Deionization system",
      "category": "Barnstead",
      "lab": "EC3760",
      "serialNumber": "1090010331176",
      "quantity": 1,
      "status": "Not specified",
      "model": "Epure-D4631",
      "fiuId": "AA00782",
      "notes": "June 24, 2011                                              good news: found a set of filters (dated 2005): after re-circulation water reaches 15.0 megaohms-cm.  bad news: re-ciculating pum is not working, so the rinsup period will be longer.    | find out if possible or worth it to replace pump (note that new system is $4,000)",
      "created_at": "2025-06-24 18:22:17",
      "updated_at": "2025-06-24 18:22:17"
    },
    {
      "name": "Viscosity meter",
      "category": "Cole Palmer",
      "lab": "EC3760",
      "serialNumber": "EQUIP-016-DUP1",
      "quantity": 1,
      "status": "Not specified",
      "model": "98936 series",
      "fiuId": "4980-00092365",
      "notes": "Half of the unit is missing. Attempted to complete and repair | SURPLUS",
      "created_at": "2025-06-24 18:22:17",
      "updated_at": "2025-06-24 18:22:17"
    },
    {
      "name": "Weight Scale",
      "category": "Fairbanks",
      "lab": "EC3760",
      "serialNumber": "72760060102",
      "quantity": 1,
      "status": "Not specified",
      "model": "FB2200",
      "created_at": "2025-06-24 18:22:17",
      "updated_at": "2025-06-24 18:22:17"
    },
    {
      "name": "Weight Scale",
      "category": "Denver Instruments",
      "lab": "EC3760",
      "serialNumber": "P0109562",
      "quantity": 1,
      "status": "Not specified",
      "model": "M-220D",
      "fiuId": "4980-00088178",
      "notes": "last calibration:April, 2011",
      "created_at": "2025-06-24 18:22:17",
      "updated_at": "2025-06-24 18:22:17"
    },
    {
      "name": "Weight Scale",
      "category": "Mettler",
      "lab": "EC3760",
      "serialNumber": "C57634",
      "quantity": 1,
      "status": "Not specified",
      "model": "AE160",
      "fiuId": "4980-00024500",
      "notes": "last calibration:April 13, 2006",
      "created_at": "2025-06-24 18:22:17",
      "updated_at": "2025-06-24 18:22:17"
    },
    {
      "name": "Weight Scale",
      "category": "Mettler",
      "lab": "EC3760",
      "serialNumber": "C48970",
      "quantity": 1,
      "status": "Not specified",
      "model": "AE160",
      "fiuId": "4980-00024162",
      "notes": "last calibration: April, 2001. It does not work | SURPLUS",
      "created_at": "2025-06-24 18:22:17",
      "updated_at": "2025-06-24 18:22:17"
    },
    {
      "name": "Weight Scale",
      "category": "Mettler",
      "lab": "EC3760",
      "serialNumber": "496025",
      "quantity": 1,
      "status": "Not specified",
      "model": "E200",
      "fiuId": "4980-00006075",
      "notes": "last calibration:May, 1997 | SURPLUS",
      "created_at": "2025-06-24 18:22:17",
      "updated_at": "2025-06-24 18:22:17"
    },
    {
      "name": "spectrophotometer",
      "category": "Turner",
      "lab": "EC3760",
      "serialNumber": "EQUIP-014-DUP1",
      "quantity": 1,
      "status": "Not specified",
      "model": "Sp-830",
      "fiuId": "4980-00098291",
      "created_at": "2025-06-24 18:22:17",
      "updated_at": "2025-06-24 18:22:17"
    },
    {
      "name": "water bath",
      "category": "Fisher Scientific",
      "lab": "EC3760",
      "serialNumber": "EQUIP-017-DUP1",
      "quantity": 1,
      "status": "Not specified",
      "fiuId": "4980-US000606",
      "notes": "don’t know if it works",
      "created_at": "2025-06-24 18:22:17",
      "updated_at": "2025-06-24 18:22:17"
    },
    {
      "name": "Basic Hydraulics Bench",
      "category": "Armfield",
      "lab": "EC3765",
      "serialNumber": "EQUIP-003-DUP1",
      "quantity": 1,
      "status": "Not specified",
      "model": "F1-10",
      "price": 7012,
      "image": "/uploads/equipment-1750792765063-192124963.jpeg",
      "created_at": "2025-06-24 18:22:16",
      "updated_at": "2025-06-24 19:19:25"
    },
    {
      "name": "Basic Hydraulics Bench",
      "category": "Armfield",
      "lab": "EC3765",
      "serialNumber": "EQUIP-004-DUP1",
      "quantity": 1,
      "status": "Not specified",
      "model": "F1-10",
      "price": 5617,
      "image": "/uploads/equipment-1750792751508-510764871.jpeg",
      "created_at": "2025-06-24 18:22:16",
      "updated_at": "2025-06-24 19:19:11"
    },
    {
      "name": "Basic Hydraulics Bench",
      "category": "Armfield",
      "lab": "EC3765",
      "serialNumber": "EQUIP-005-DUP1",
      "quantity": 1,
      "status": "Not specified",
      "model": "F1-10",
      "price": 8398,
      "image": "/uploads/equipment-1750792783848-627652177.jpeg",
      "created_at": "2025-06-24 18:22:16",
      "updated_at": "2025-06-24 19:19:43"
    },
    {
      "name": "Basic Hydraulics Bench",
      "category": "Armfield",
      "lab": "EC3765",
      "serialNumber": "EQUIP-006-DUP1",
      "quantity": 1,
      "status": "Not specified",
      "model": "F1-10",
      "price": 15576,
      "image": "/uploads/equipment-1750792795372-71805777.jpeg",
      "created_at": "2025-06-24 18:22:16",
      "updated_at": "2025-06-24 19:24:21"
    },
    {
      "name": "Bernoulli’s Theorem Demonstration",
      "category": "Armfield",
      "lab": "EC3765",
      "serialNumber": "EQUIP-009",
      "quantity": 2,
      "status": "Not specified",
      "model": "F1-15",
      "price": 2199,
      "image": "/uploads/equipment-1750792993771-347904671.webp",
      "created_at": "2025-06-24 18:22:16",
      "updated_at": "2025-06-24 19:23:13"
    },
    {
      "name": "Cavitation Mod",
      "category": "Not Specified",
      "lab": "EC3765",
      "serialNumber": "EQUIP-002-DUP1",
      "quantity": 1,
      "status": "Not specified",
      "model": "F-10",
      "price": 975,
      "created_at": "2025-06-24 18:22:16",
      "updated_at": "2025-06-24 18:22:16"
    },
    {
      "name": "Energy Loss in Bends and Fittings",
      "category": "Armfield",
      "lab": "EC3765",
      "serialNumber": "EQUIP-015",
      "quantity": 1,
      "status": "Not specified",
      "model": "F1-22",
      "price": 3735,
      "created_at": "2025-06-24 18:22:16",
      "updated_at": "2025-06-24 18:22:16"
    },
    {
      "name": "Energy Losses in Pipes",
      "category": "Armfield",
      "lab": "EC3765",
      "serialNumber": "EQUIP-011",
      "quantity": 1,
      "status": "Not specified",
      "model": "F1-18",
      "price": 2487,
      "created_at": "2025-06-24 18:22:16",
      "updated_at": "2025-06-24 18:22:16"
    },
    {
      "name": "Flow Meter Demonstration Unit",
      "category": "Armfield",
      "lab": "EC3765",
      "serialNumber": "EQUIP-013",
      "quantity": 1,
      "status": "Not specified",
      "model": "F1-21",
      "price": 3937,
      "created_at": "2025-06-24 18:22:16",
      "updated_at": "2025-06-24 18:22:16"
    },
    {
      "name": "Flow Meter Demonstration Unit",
      "category": "Armfield",
      "lab": "EC3765",
      "serialNumber": "EQUIP-014",
      "quantity": 1,
      "status": "Not specified",
      "model": "F1-21",
      "price": 8046,
      "created_at": "2025-06-24 18:22:16",
      "updated_at": "2025-06-24 18:22:16"
    },
    {
      "name": "Flow Visualization Channel",
      "category": "Armfield",
      "lab": "EC3765",
      "serialNumber": "EQUIP-018",
      "quantity": 1,
      "status": "Not specified",
      "model": "F1-19",
      "price": 3915,
      "created_at": "2025-06-24 18:22:16",
      "updated_at": "2025-06-24 18:22:16"
    },
    {
      "name": "Flow over Weirs Accessory",
      "category": "Armfield",
      "lab": "EC3765",
      "serialNumber": "EQUIP-017",
      "quantity": 1,
      "status": "Not specified",
      "model": "F1-13",
      "price": 1118,
      "created_at": "2025-06-24 18:22:16",
      "updated_at": "2025-06-24 18:22:16"
    },
    {
      "name": "Fluid Friction Measurements unit",
      "category": "Armfield",
      "lab": "EC3765",
      "serialNumber": "EQUIP-016",
      "quantity": 1,
      "status": "Not specified",
      "model": "C6MkII",
      "price": 26362,
      "created_at": "2025-06-24 18:22:16",
      "updated_at": "2025-06-24 18:22:16"
    },
    {
      "name": "Hydrostatic Pressure",
      "category": "Armfield",
      "lab": "EC3765",
      "serialNumber": "EQUIP-007-DUP1",
      "quantity": 1,
      "status": "Not specified",
      "model": "F1-12",
      "price": 1632,
      "image": "/uploads/equipment-1750792898103-607563253.jpg",
      "created_at": "2025-06-24 18:22:16",
      "updated_at": "2025-06-24 19:21:38"
    },
    {
      "name": "Metacentric Height",
      "category": "Armfield",
      "lab": "EC3765",
      "serialNumber": "EQUIP-008-DUP1",
      "quantity": 2,
      "status": "Not specified",
      "model": "F1-14",
      "price": 1735,
      "image": "/uploads/equipment-1750792951755-147260756.jpg",
      "created_at": "2025-06-24 18:22:16",
      "updated_at": "2025-06-24 19:22:31"
    },
    {
      "name": "Orifice & Free Jet Flow",
      "category": "Armfield",
      "lab": "EC3765",
      "serialNumber": "EQUIP-010",
      "quantity": 1,
      "status": "Not specified",
      "model": "F1-17",
      "price": 3524,
      "created_at": "2025-06-24 18:22:16",
      "updated_at": "2025-06-24 18:22:16"
    },
    {
      "name": "Osborne Reynolds’ Demonstration",
      "category": "Armfield",
      "lab": "EC3765",
      "serialNumber": "EQUIP-012",
      "quantity": 1,
      "status": "Not specified",
      "model": "F1-20",
      "price": 3138,
      "created_at": "2025-06-24 18:22:16",
      "updated_at": "2025-06-24 18:22:16"
    },
    {
      "name": "Self-tilting Flume",
      "category": "Armfield",
      "lab": "EC3765",
      "serialNumber": "EQUIP-001-DUP1",
      "quantity": 1,
      "status": "Not specified",
      "model": "9097",
      "price": 28310,
      "image": "/uploads/equipment-1750792535802-392083057.jpeg",
      "created_at": "2025-06-24 18:22:16",
      "updated_at": "2025-06-24 19:15:35"
    },
    {
      "name": "22 EMF Universal Testing Machine 22 Kips",
      "category": "SATEC",
      "lab": "OU107",
      "serialNumber": "EQUIP-022",
      "quantity": 1,
      "status": "Not specified",
      "price": 24965,
      "notes": "ROOM OU 125",
      "created_at": "2025-06-24 18:22:16",
      "updated_at": "2025-06-24 18:22:16"
    },
    {
      "name": "8 HP Mortar Mixer",
      "category": "Not Specified",
      "lab": "OU107",
      "serialNumber": "EQUIP-047",
      "quantity": 1,
      "status": "Not specified",
      "price": 2949.99,
      "created_at": "2025-06-24 18:22:17",
      "updated_at": "2025-06-24 18:22:17"
    },
    {
      "name": "Concrete Cylinder Grinder",
      "category": "Not Specified",
      "lab": "OU107",
      "serialNumber": "EQUIP-025",
      "quantity": 1,
      "status": "Not specified",
      "notes": "FDOT donated",
      "created_at": "2025-06-24 18:22:16",
      "updated_at": "2025-06-24 18:22:16"
    },
    {
      "name": "Concrete Flexure Frame: Beam Apparatus",
      "category": "TecQuipment",
      "lab": "OU107",
      "serialNumber": "EQUIP-026",
      "quantity": 1,
      "status": "Not specified",
      "price": 12000,
      "created_at": "2025-06-24 18:22:16",
      "updated_at": "2025-06-24 18:22:16"
    },
    {
      "name": "Constant / Falling Head Permeability Test Set",
      "category": "Not Specified",
      "lab": "OU107",
      "serialNumber": "EQUIP-038",
      "quantity": 1,
      "status": "Not specified",
      "price": 480,
      "created_at": "2025-06-24 18:22:17",
      "updated_at": "2025-06-24 18:22:17"
    },
    {
      "name": "Constant Head Tank System",
      "category": "Not Specified",
      "lab": "OU107",
      "serialNumber": "EQUIP-040",
      "quantity": 1,
      "status": "Not specified",
      "price": 185,
      "created_at": "2025-06-24 18:22:17",
      "updated_at": "2025-06-24 18:22:17"
    },
    {
      "name": "Digital Length Comparator",
      "category": "ELE",
      "lab": "OU107",
      "serialNumber": "EQUIP-028",
      "quantity": 2,
      "status": "Not specified",
      "price": 1000,
      "created_at": "2025-06-24 18:22:16",
      "updated_at": "2025-06-24 18:22:16"
    },
    {
      "name": "Direct/Residual Shear Apparatus",
      "category": "ELE",
      "lab": "OU107",
      "serialNumber": "EQUIP-048",
      "quantity": 1,
      "status": "Not specified",
      "price": 8700,
      "created_at": "2025-06-24 18:22:17",
      "updated_at": "2025-06-24 18:22:17"
    },
    {
      "name": "Explorer Balance",
      "category": "Not Specified",
      "lab": "OU107",
      "serialNumber": "EQUIP-044",
      "quantity": 1,
      "status": "Not specified",
      "price": 1895,
      "created_at": "2025-06-24 18:22:17",
      "updated_at": "2025-06-24 18:22:17"
    },
    {
      "name": "Field Inspection Vane Tester",
      "category": "ELE",
      "lab": "OU107",
      "serialNumber": "EQUIP-037",
      "quantity": 1,
      "status": "Not specified",
      "model": "H60",
      "price": 2905.15,
      "created_at": "2025-06-24 18:22:17",
      "updated_at": "2025-06-24 18:22:17"
    },
    {
      "name": "Forney F-500FN-DFM/1 Compression Machine (500 Kips)",
      "category": "Forney",
      "lab": "OU107",
      "serialNumber": "EQUIP-024",
      "quantity": 1,
      "status": "Not specified",
      "model": "F-500FN-DFM/1",
      "notes": "FDOT donated",
      "created_at": "2025-06-24 18:22:16",
      "updated_at": "2025-06-24 18:22:16"
    },
    {
      "name": "Hydrometer",
      "category": "ELE",
      "lab": "OU107",
      "serialNumber": "EQUIP-055",
      "quantity": 8,
      "status": "Not specified",
      "price": 800,
      "created_at": "2025-06-24 18:22:17",
      "updated_at": "2025-06-24 18:22:17"
    },
    {
      "name": "INSTRON test system 100 Kips",
      "category": "INSTRON",
      "lab": "OU107",
      "serialNumber": "EQUIP-019",
      "quantity": 1,
      "status": "Not specified",
      "price": 86915,
      "notes": "ROOM OU 125",
      "created_at": "2025-06-24 18:22:16",
      "updated_at": "2025-06-24 18:22:16"
    },
    {
      "name": "Industrial Tables",
      "category": "Uline",
      "lab": "OU107",
      "serialNumber": "EQUIP-042",
      "quantity": 2,
      "status": "Not specified",
      "price": 1057.91,
      "created_at": "2025-06-24 18:22:17",
      "updated_at": "2025-06-24 18:22:17"
    },
    {
      "name": "Laboratory Mixer For Small Batches",
      "category": "Lancaster",
      "lab": "OU107",
      "serialNumber": "EQUIP-046",
      "quantity": 1,
      "status": "Not specified",
      "price": 6500,
      "created_at": "2025-06-24 18:22:17",
      "updated_at": "2025-06-24 18:22:17"
    },
    {
      "name": "Liquid Limit Device",
      "category": "ELE",
      "lab": "OU107",
      "serialNumber": "EQUIP-054",
      "quantity": 4,
      "status": "Not specified",
      "price": 414.6,
      "created_at": "2025-06-24 18:22:17",
      "updated_at": "2025-06-24 18:22:17"
    },
    {
      "name": "Load Trac II, Shear Trac II, a set of 2 Flow Trac II",
      "category": "Geocomp",
      "lab": "OU107",
      "serialNumber": "EQUIP-031",
      "quantity": 2,
      "status": "Not specified",
      "model": "Load Trac II, Shear Trac II, Flow Trac II",
      "price": 118831.11,
      "image": "/uploads/equipment-1750792095714-547408279.jpg",
      "created_at": "2025-06-24 18:22:17",
      "updated_at": "2025-06-24 19:08:15"
    },
    {
      "name": "MC-250K Concrete Compression Machine w/ Pro Plus Controller",
      "category": "Gilson",
      "lab": "OU107",
      "serialNumber": "EQUIP-023",
      "quantity": 1,
      "status": "Not specified",
      "model": "MC-250K",
      "price": 11204.35,
      "created_at": "2025-06-24 18:22:16",
      "updated_at": "2025-06-24 18:22:16"
    },
    {
      "name": "Mary Ann Sieve Shaker",
      "category": "Not Specified",
      "lab": "OU107",
      "serialNumber": "EQUIP-051",
      "quantity": 1,
      "status": "Not specified",
      "model": "Mary Ann",
      "price": 2500,
      "created_at": "2025-06-24 18:22:17",
      "updated_at": "2025-06-24 18:22:17"
    },
    {
      "name": "Mechanical Analysis Stirrer",
      "category": "Not Specified",
      "lab": "OU107",
      "serialNumber": "EQUIP-034",
      "quantity": 2,
      "status": "Not specified",
      "price": 776,
      "created_at": "2025-06-24 18:22:17",
      "updated_at": "2025-06-24 18:22:17"
    },
    {
      "name": "Modified Proctor test equipment",
      "category": "ELE",
      "lab": "OU107",
      "serialNumber": "EQUIP-036",
      "quantity": 2,
      "status": "Not specified",
      "price": 446.2,
      "created_at": "2025-06-24 18:22:17",
      "updated_at": "2025-06-24 18:22:17"
    },
    {
      "name": "Navigator Balance",
      "category": "Not Specified",
      "lab": "OU107",
      "serialNumber": "EQUIP-045",
      "quantity": 3,
      "status": "Not specified",
      "price": 705,
      "created_at": "2025-06-24 18:22:17",
      "updated_at": "2025-06-24 18:22:17"
    },
    {
      "name": "OptiPlex 5070 PC and E2216h monitor",
      "category": "Dell",
      "lab": "OU107",
      "serialNumber": "EQUIP-032",
      "quantity": 2,
      "status": "Not specified",
      "model": "OptiPlex 5070, E2216h",
      "price": 2483.98,
      "created_at": "2025-06-24 18:22:17",
      "updated_at": "2025-06-24 18:22:17"
    },
    {
      "name": "Oven 6 ft3",
      "category": "Not Specified",
      "lab": "OU107",
      "serialNumber": "EQUIP-029",
      "quantity": 1,
      "status": "Not specified",
      "price": 1000,
      "created_at": "2025-06-24 18:22:16",
      "updated_at": "2025-06-24 18:22:16"
    },
    {
      "name": "Permeability meters",
      "category": "ELE",
      "lab": "OU107",
      "serialNumber": "EQUIP-052",
      "quantity": 2,
      "status": "Not specified",
      "price": 1121,
      "created_at": "2025-06-24 18:22:17",
      "updated_at": "2025-06-24 18:22:17"
    },
    {
      "name": "Permeability meters",
      "category": "ELE",
      "lab": "OU107",
      "serialNumber": "EQUIP-053",
      "quantity": 2,
      "status": "Not specified",
      "price": 1121,
      "created_at": "2025-06-24 18:22:17",
      "updated_at": "2025-06-24 18:22:17"
    },
    {
      "name": "Proctor Test Hammers (standard and Modified)",
      "category": "Not Specified",
      "lab": "OU107",
      "serialNumber": "EQUIP-057",
      "quantity": 12,
      "status": "Not specified",
      "price": 2000,
      "created_at": "2025-06-24 18:22:17",
      "updated_at": "2025-06-24 18:22:17"
    },
    {
      "name": "RO-TAP Sieve Shaker",
      "category": "Not Specified",
      "lab": "OU107",
      "serialNumber": "EQUIP-050",
      "quantity": 1,
      "status": "Not specified",
      "model": "RO-TAP",
      "price": 1820,
      "created_at": "2025-06-24 18:22:17",
      "updated_at": "2025-06-24 18:22:17"
    },
    {
      "name": "Reservoir for combination permeameter",
      "category": "Not Specified",
      "lab": "OU107",
      "serialNumber": "EQUIP-039",
      "quantity": 1,
      "status": "Not specified",
      "price": 169,
      "created_at": "2025-06-24 18:22:17",
      "updated_at": "2025-06-24 18:22:17"
    },
    {
      "name": "Servo Hydraulic Universal Testing Machine 225 Kips",
      "category": "Qualitest",
      "lab": "OU107",
      "serialNumber": "EQUIP-020",
      "quantity": 1,
      "status": "Not specified",
      "price": 77250,
      "created_at": "2025-06-24 18:22:16",
      "updated_at": "2025-06-24 18:22:16"
    },
    {
      "name": "Sieves set",
      "category": "ELE",
      "lab": "OU107",
      "serialNumber": "EQUIP-033",
      "quantity": 1,
      "status": "Not specified",
      "price": 443.29,
      "created_at": "2025-06-24 18:22:17",
      "updated_at": "2025-06-24 18:22:17"
    },
    {
      "name": "Smith Hamilton - IMER Multi-Mix 350 Concrete Mixer",
      "category": "Smith Hamilton - IMER",
      "lab": "OU107",
      "serialNumber": "EQUIP-030",
      "quantity": 1,
      "status": "Not specified",
      "model": "Multi-Mix 350",
      "price": 2070,
      "notes": "Structures Testing Lab",
      "image": "/uploads/equipment-1750791995300-980231957.webp",
      "manualLink": "https://www.imerusa.com/uploads/1/2/6/2/126204803/multi-mix_350_manual.pdf",
      "created_at": "2025-06-24 18:22:17",
      "updated_at": "2025-06-25 15:04:39"
    },
    {
      "name": "Soil Classification Test kit including the pocket penetrometer and pocket shear vane set",
      "category": "ELE",
      "lab": "OU107",
      "serialNumber": "EQUIP-041",
      "quantity": 1,
      "status": "Not specified",
      "price": 1100,
      "created_at": "2025-06-24 18:22:17",
      "updated_at": "2025-06-24 18:22:17"
    },
    {
      "name": "Soil Sample Ejector",
      "category": "ELE",
      "lab": "OU107",
      "serialNumber": "EQUIP-049",
      "quantity": 1,
      "status": "Not specified",
      "price": 670,
      "created_at": "2025-06-24 18:22:17",
      "updated_at": "2025-06-24 18:22:17"
    },
    {
      "name": "Standard Proctor test equipment",
      "category": "ELE",
      "lab": "OU107",
      "serialNumber": "EQUIP-035",
      "quantity": 2,
      "status": "Not specified",
      "price": 312.04,
      "created_at": "2025-06-24 18:22:17",
      "updated_at": "2025-06-24 18:22:17"
    },
    {
      "name": "Torsion Testing Machine",
      "category": "TecQuipment",
      "lab": "OU107",
      "serialNumber": "EQUIP-027",
      "quantity": 1,
      "status": "Not specified",
      "price": 5750,
      "created_at": "2025-06-24 18:22:16",
      "updated_at": "2025-06-24 18:22:16"
    },
    {
      "name": "Triaxial Testing system",
      "category": "ELE",
      "lab": "OU107",
      "serialNumber": "EQUIP-043",
      "quantity": 1,
      "status": "Not specified",
      "price": 5413.5,
      "created_at": "2025-06-24 18:22:17",
      "updated_at": "2025-06-24 18:22:17"
    },
    {
      "name": "Unconfined compression tester",
      "category": "ELE",
      "lab": "OU107",
      "serialNumber": "EQUIP-056",
      "quantity": 1,
      "status": "Not specified",
      "price": 2103.6,
      "created_at": "2025-06-24 18:22:17",
      "updated_at": "2025-06-24 18:22:17"
    },
    {
      "name": "Universal Testing machine 60Kips",
      "category": "Tinius Olsen",
      "lab": "OU107",
      "serialNumber": "EQUIP-021",
      "quantity": 1,
      "status": "Not specified",
      "price": 5076.9,
      "created_at": "2025-06-24 18:22:16",
      "updated_at": "2025-06-24 18:22:16"
    }
  ]
}